ALTER SESSION SET nls_date_format='DD-MM-YYYY HH24:MI:SS';
DROP TABLE FUTBOLISTAS CASCADE CONSTRAINTS;
DROP TABLE EQUIPOS CASCADE CONSTRAINTS;
DROP TABLE PARTIDOS CASCADE CONSTRAINTS;

CREATE TABLE FUTBOLISTAS(
ID CHAR(6) PRIMARY KEY CHECK( REGEXP_LIKE( ID, 'F[0-9][0-9][0-9]20' )),
NOMBRE VARCHAR(100),
APELLIDOS VARCHAR(300),
FECHA_NACIMIENTO DATE,
POSICION VARCHAR(50) CHECK( POSICION LIKE 'PORTERO' OR POSICION LIKE 'DEFENSA' OR POSICION LIKE 'MEDIOCENTRO' OR POSICION LIKE 'DELANTERO' ),
SALARIO NUMBER(12,2) CHECK( SALARIO > 50000),
ID_EQUIPO INT
);

CREATE TABLE EQUIPOS(
ID INT PRIMARY KEY,
NOMBRE VARCHAR(100),
ESTADIO VARCHAR(100),
PRESUPUESTO NUMBER(20,2)
);

CREATE TABLE PARTIDOS(
ID INT PRIMARY KEY,
ARBITRO VARCHAR(200),
RESULTADO VARCHAR(5) CHECK( REGEXP_LIKE( RESULTADO, '[0-9][0-9]-[0-9][0-9]' )),
ESTADIO VARCHAR(100),
FECHA DATE,
ID_EQUIPO_CASA INT,
ID_EQUIPO_FUERA INT
);

ALTER TABLE FUTBOLISTAS
ADD CHECK (FECHA_NACIMIENTO > '31/DEC/1974');
ALTER TABLE FUTBOLISTAS
ADD FOREIGN KEY (ID_EQUIPO) REFERENCES EQUIPOS(ID);

ALTER TABLE PARTIDOS
ADD FOREIGN KEY (ID_EQUIPO_CASA) REFERENCES EQUIPOS(ID);
ALTER TABLE PARTIDOS
ADD FOREIGN KEY (ID_EQUIPO_FUERA) REFERENCES EQUIPOS(ID);

DELETE FROM EQUIPOS;
INSERT INTO EQUIPOS VALUES (1,'EQUIPO A', 'ESTADIO A',1000000);
INSERT INTO EQUIPOS VALUES (2,'EQUIPO B', 'ESTADIO B',2000000);
INSERT INTO EQUIPOS VALUES (3,'EQUIPO C', 'ESTADIO C',3000000);

DELETE FROM FUTBOLISTAS;
INSERT INTO FUTBOLISTAS VALUES ('F00120','PEDRO',l mismo seguido de un 'GOMEZ','22/01/1980','PORTERO',100000,1);
INSERT INTO FUTBOLISTAS VALUES ('F00220','PEDRO LUIS','GOMEZ','20/04/1985','DEFENSA',110000,1);
INSERT INTO FUTBOLISTAS VALUES ('F00320','LUIS','GALVEZ','12/01/1990','DELANTERO',80000,1);
INSERT INTO FUTBOLISTAS VALUES ('F00420','ANTONIO','DOMINGUEZ','25/06/1981','PORTERO',340000,2);
INSERT INTO FUTBOLISTAS VALUES ('F00520','JESUS','FERNANDEZ','02/01/1995','MEDIOCENTRO',140000,2);
INSERT INTO FUTBOLISTAS VALUES ('F00620','DIEGO','DIAZ','05/04/1987','PORTERO',160000,2);
INSERT INTO FUTBOLISTAS VALUES ('F00720','PABLO','CARO','27/01/1988','DEFENSA',200000,3);
INSERT INTO FUTBOLISTAS VALUES ('F00820','ESTEBAN','BENITEZ','29/09/2000','DEFENSA',300000,3);
INSERT INTO FUTBOLISTAS VALUES ('F00920','ENRIQUE','ALVAREZ','30/09/2001','MEDIOCENTRO',120000,3);

DELETE FROM PARTIDOS;
INSERT INTO PARTIDOS VALUES (1,'ARBITRO A','00-00','ESTADIO A','01/01/2020',1,2);
INSERT INTO PARTIDOS VALUES (2,'ARBITRO B','01-00','ESTADIO A','08/01/2020',1,3);
INSERT INTO PARTIDOS VALUES (3,'ARBITRO C','01-01','ESTADIO B','15/01/2020',2,3);
INSERT INTO PARTIDOS VALUES (4,'ARBITRO B','02-00','ESTADIO B','22/01/2020',2,1);
INSERT INTO PARTIDOS VALUES (5,'ARBITRO A','04-01','ESTADIO C','29/01/2020',3,1);
INSERT INTO PARTIDOS VALUES (6,'ARBITRO A','03-03','ESTADIO C','05/02/2020',3,2);

UPDATE FUTBOLISTAS SET ID_EQUIPO = 2 WHERE ID LIKE 'F00120';
UPDATE FUTBOLISTAS SET ID_EQUIPO = 3 WHERE ID LIKE 'F00420';
UPDATE FUTBOLISTAS SET ID_EQUIPO = 1 WHERE ID LIKE 'F00920';

DELETE FROM FUTBOLISTAS WHERE ID LIKE 'F00120' OR ID LIKE 'F00420';

/*Ejercicio 1
Devuelve el nombre(primera letra en mayusculas), el presupuesto reducido a 250000 y seguido por un espacio y la palablra euros, el presupuesto 
más del 10% de un espacio y la palabra euros, correspondiente a los equipos y ordenados por el presupuesto en orden descendente. Utiliza los siguientes  
alias de columna en este orden para los presupuestos: "2022-23", "2023-24", "2024-25".*/

--No entiendo el enunciado

/*Ejercicio 2
Se quiere el nombre en minúsculas, la fecha de nacimiento y el salario dividido entre 12. Este salario debe redondearse para que tenga solo dos 
decimales y concatenar usando la función CONCAT con un espacio y la palabra euros. Los resultados deben estar ordenados por orden descendete de salario de 
futbolista.*/
select lower(nombre) ,fecha_nacimiento ,round(salario/12,2), concat(' ','euros') from futbolistas order by salario desc;

/*Ejercicio 3
Devuelve el nombre (con tres caracteres) seguido de un "-" y el apellido de lso futbolistas en una columna que tenga por alias "NOM-APELLIDO"  
(emplea la función concat), y en la otra columna el tamaño/número de caracteres del campo apellido de los futbolistas, usando el alias de columna "CARACTERES 
APELLIDO". Debe ordenarse descendentemente por ese tamaño de caracteres de apellido.*/
select substr(nombre,1,3) || concat('-',apellidos) "NOM-APELLIDO", length(apellidos) from futbolistas order by length(apellidos) desc;

/*Ejercicio 4
Queremos un listado de los nombres de los futbolistas quitandolos segundos nombres (nombres compuesto,por ejemplo, borrar LUIS de PEDRO LUIS y
quedando solo PEDRO) y poner como alias decolumna "SOLO NOMBRE".*/
select nvl(substr(nombre,1,instr(nombre,' ',1,1)),nombre) "SOLO NOMBRE" from futbolistas;