{
	"info": {
		"_postman_id": "ec2278b7-bbbd-4dc3-a464-071532101095",
		"name": "ExámenT1JuanLópezCarmona",
		"schema": "https://schema.getpostman.com/json/collection/v2.1.0/collection.json",
		"_exporter_id": "38600155"
	},
	"item": [
		{
			"name": "Exámen t1",
			"item": [
				{
					"name": "localhost:8080/entrada",
					"request": {
						"method": "GET",
						"header": [],
						"url": {
							"raw": "localhost:8080/entrada",
							"host": [
								"localhost"
							],
							"port": "8080",
							"path": [
								"entrada"
							]
						}
					},
					"response": []
				},
				{
					"name": "localhost:8080/entrada/crear",
					"request": {
						"method": "POST",
						"header": [],
						"body": {
							"mode": "raw",
							"raw": " {\r\n        \"nombreComprador\": \"Juan López\",\r\n        \"pelicula\": \"Cyberpunk 2049\",\r\n        \"horario\": \"22:00\",\r\n        \"numeroEntradas\": 5,\r\n        \"precioPorEntrada\": 7.0,\r\n        \"taquilla\": true,\r\n        \"precioTotal\": 35.0\r\n    }",
							"options": {
								"raw": {
									"language": "json"
								}
							}
						},
						"url": {
							"raw": "localhost:8080/entrada/crear",
							"host": [
								"localhost"
							],
							"port": "8080",
							"path": [
								"entrada",
								"crear"
							]
						}
					},
					"response": []
				},
				{
					"name": "localhost:8080/entrada/modificarEntera/11",
					"request": {
						"method": "PUT",
						"header": [],
						"body": {
							"mode": "raw",
							"raw": "{\r\n        \"id\": 11,\r\n        \"nombreComprador\": \"Juan López\",\r\n        \"pelicula\": \"Cyberpunk 2049\",\r\n        \"horario\": \"22:00\",\r\n        \"numeroEntradas\": 5,\r\n        \"precioPorEntrada\": 7.0,\r\n        \"taquilla\": true,\r\n        \"precioTotal\": 35.0\r\n    }",
							"options": {
								"raw": {
									"language": "json"
								}
							}
						},
						"url": {
							"raw": "localhost:8080/entrada/14",
							"host": [
								"localhost"
							],
							"port": "8080",
							"path": [
								"entrada",
								"14"
							]
						}
					},
					"response": []
				},
				{
					"name": "localhost:8080/entrada/noTaquilla",
					"request": {
						"method": "GET",
						"header": [],
						"url": {
							"raw": "localhost:8080/entrada/noTaquilla",
							"host": [
								"localhost"
							],
							"port": "8080",
							"path": [
								"entrada",
								"noTaquilla"
							]
						}
					},
					"response": []
				},
				{
					"name": "localhost:8080/entrada/nuevasEntradas/11",
					"request": {
						"method": "PATCH",
						"header": [],
						"body": {
							"mode": "raw",
							"raw": "{\r\n    \"numeroEntradas\": 15\r\n}",
							"options": {
								"raw": {
									"language": "json"
								}
							}
						},
						"url": {
							"raw": "localhost:8080/entrada/nuevasEntradas/11",
							"host": [
								"localhost"
							],
							"port": "8080",
							"path": [
								"entrada",
								"nuevasEntradas",
								"11"
							]
						}
					},
					"response": []
				},
				{
					"name": "localhost:8080/entrada/delete/Juan López",
					"request": {
						"method": "DELETE",
						"header": [],
						"url": {
							"raw": "localhost:8080/entrada/Juan López",
							"host": [
								"localhost"
							],
							"port": "8080",
							"path": [
								"entrada",
								"Juan López"
							]
						}
					},
					"response": []
				},
				{
					"name": "localhost:8080/entrada/14/modificarEntrada/CyberpunkEdgerunners/20:00",
					"request": {
						"method": "PATCH",
						"header": [],
						"url": {
							"raw": "localhost:8080/entrada/14/modificarEntrada/CyberpunkEdgerunners/20:00",
							"host": [
								"localhost"
							],
							"port": "8080",
							"path": [
								"entrada",
								"14",
								"modificarEntrada",
								"CyberpunkEdgerunners",
								"20:00"
							]
						}
					},
					"response": []
				},
				{
					"name": "localhost:8080/entrada/masCara",
					"request": {
						"method": "GET",
						"header": [],
						"url": {
							"raw": "localhost:8080/entrada/masCara",
							"host": [
								"localhost"
							],
							"port": "8080",
							"path": [
								"entrada",
								"masCara"
							]
						}
					},
					"response": []
				},
				{
					"name": "localhost:8080/entrada/entradasMultiples/4",
					"request": {
						"method": "GET",
						"header": [],
						"url": {
							"raw": "localhost:8080/entrada/entradasMultiples/4",
							"host": [
								"localhost"
							],
							"port": "8080",
							"path": [
								"entrada",
								"entradasMultiples",
								"4"
							]
						}
					},
					"response": []
				},
				{
					"name": "localhost:8080/entrada/mapaClientes",
					"request": {
						"method": "GET",
						"header": [],
						"url": {
							"raw": "localhost:8080/entrada/mapaClientes",
							"host": [
								"localhost"
							],
							"port": "8080",
							"path": [
								"entrada",
								"mapaClientes"
							]
						}
					},
					"response": []
				}
			]
		}
	]
}